[{"model": "admin.logentry", "pk": 1, "fields": {"action_time": "2025-02-24T09:43:10.145Z", "user": 3, "content_type": 14, "object_id": "11", "object_repr": "user6@mail.com", "action_flag": 3, "change_message": ""}}, {"model": "auth.permission", "pk": 1, "fields": {"name": "Can add log entry", "content_type": 1, "codename": "add_logentry"}}, {"model": "auth.permission", "pk": 2, "fields": {"name": "Can change log entry", "content_type": 1, "codename": "change_logentry"}}, {"model": "auth.permission", "pk": 3, "fields": {"name": "Can delete log entry", "content_type": 1, "codename": "delete_logentry"}}, {"model": "auth.permission", "pk": 4, "fields": {"name": "Can view log entry", "content_type": 1, "codename": "view_logentry"}}, {"model": "auth.permission", "pk": 5, "fields": {"name": "Can add permission", "content_type": 2, "codename": "add_permission"}}, {"model": "auth.permission", "pk": 6, "fields": {"name": "Can change permission", "content_type": 2, "codename": "change_permission"}}, {"model": "auth.permission", "pk": 7, "fields": {"name": "Can delete permission", "content_type": 2, "codename": "delete_permission"}}, {"model": "auth.permission", "pk": 8, "fields": {"name": "Can view permission", "content_type": 2, "codename": "view_permission"}}, {"model": "auth.permission", "pk": 9, "fields": {"name": "Can add group", "content_type": 3, "codename": "add_group"}}, {"model": "auth.permission", "pk": 10, "fields": {"name": "Can change group", "content_type": 3, "codename": "change_group"}}, {"model": "auth.permission", "pk": 11, "fields": {"name": "Can delete group", "content_type": 3, "codename": "delete_group"}}, {"model": "auth.permission", "pk": 12, "fields": {"name": "Can view group", "content_type": 3, "codename": "view_group"}}, {"model": "auth.permission", "pk": 13, "fields": {"name": "Can add content type", "content_type": 4, "codename": "add_contenttype"}}, {"model": "auth.permission", "pk": 14, "fields": {"name": "Can change content type", "content_type": 4, "codename": "change_contenttype"}}, {"model": "auth.permission", "pk": 15, "fields": {"name": "Can delete content type", "content_type": 4, "codename": "delete_contenttype"}}, {"model": "auth.permission", "pk": 16, "fields": {"name": "Can view content type", "content_type": 4, "codename": "view_contenttype"}}, {"model": "auth.permission", "pk": 17, "fields": {"name": "Can add session", "content_type": 5, "codename": "add_session"}}, {"model": "auth.permission", "pk": 18, "fields": {"name": "Can change session", "content_type": 5, "codename": "change_session"}}, {"model": "auth.permission", "pk": 19, "fields": {"name": "Can delete session", "content_type": 5, "codename": "delete_session"}}, {"model": "auth.permission", "pk": 20, "fields": {"name": "Can view session", "content_type": 5, "codename": "view_session"}}, {"model": "auth.permission", "pk": 21, "fields": {"name": "Can add site", "content_type": 6, "codename": "add_site"}}, {"model": "auth.permission", "pk": 22, "fields": {"name": "Can change site", "content_type": 6, "codename": "change_site"}}, {"model": "auth.permission", "pk": 23, "fields": {"name": "Can delete site", "content_type": 6, "codename": "delete_site"}}, {"model": "auth.permission", "pk": 24, "fields": {"name": "Can view site", "content_type": 6, "codename": "view_site"}}, {"model": "auth.permission", "pk": 25, "fields": {"name": "Can add blacklisted token", "content_type": 7, "codename": "add_blacklistedtoken"}}, {"model": "auth.permission", "pk": 26, "fields": {"name": "Can change blacklisted token", "content_type": 7, "codename": "change_blacklistedtoken"}}, {"model": "auth.permission", "pk": 27, "fields": {"name": "Can delete blacklisted token", "content_type": 7, "codename": "delete_blacklistedtoken"}}, {"model": "auth.permission", "pk": 28, "fields": {"name": "Can view blacklisted token", "content_type": 7, "codename": "view_blacklistedtoken"}}, {"model": "auth.permission", "pk": 29, "fields": {"name": "Can add outstanding token", "content_type": 8, "codename": "add_outstandingtoken"}}, {"model": "auth.permission", "pk": 30, "fields": {"name": "Can change outstanding token", "content_type": 8, "codename": "change_outstandingtoken"}}, {"model": "auth.permission", "pk": 31, "fields": {"name": "Can delete outstanding token", "content_type": 8, "codename": "delete_outstandingtoken"}}, {"model": "auth.permission", "pk": 32, "fields": {"name": "Can view outstanding token", "content_type": 8, "codename": "view_outstandingtoken"}}, {"model": "auth.permission", "pk": 33, "fields": {"name": "Can add email address", "content_type": 9, "codename": "add_emailaddress"}}, {"model": "auth.permission", "pk": 34, "fields": {"name": "Can change email address", "content_type": 9, "codename": "change_emailaddress"}}, {"model": "auth.permission", "pk": 35, "fields": {"name": "Can delete email address", "content_type": 9, "codename": "delete_emailaddress"}}, {"model": "auth.permission", "pk": 36, "fields": {"name": "Can view email address", "content_type": 9, "codename": "view_emailaddress"}}, {"model": "auth.permission", "pk": 37, "fields": {"name": "Can add email confirmation", "content_type": 10, "codename": "add_emailconfirmation"}}, {"model": "auth.permission", "pk": 38, "fields": {"name": "Can change email confirmation", "content_type": 10, "codename": "change_emailconfirmation"}}, {"model": "auth.permission", "pk": 39, "fields": {"name": "Can delete email confirmation", "content_type": 10, "codename": "delete_emailconfirmation"}}, {"model": "auth.permission", "pk": 40, "fields": {"name": "Can view email confirmation", "content_type": 10, "codename": "view_emailconfirmation"}}, {"model": "auth.permission", "pk": 41, "fields": {"name": "Can add social account", "content_type": 11, "codename": "add_socialaccount"}}, {"model": "auth.permission", "pk": 42, "fields": {"name": "Can change social account", "content_type": 11, "codename": "change_socialaccount"}}, {"model": "auth.permission", "pk": 43, "fields": {"name": "Can delete social account", "content_type": 11, "codename": "delete_socialaccount"}}, {"model": "auth.permission", "pk": 44, "fields": {"name": "Can view social account", "content_type": 11, "codename": "view_socialaccount"}}, {"model": "auth.permission", "pk": 45, "fields": {"name": "Can add social application", "content_type": 12, "codename": "add_socialapp"}}, {"model": "auth.permission", "pk": 46, "fields": {"name": "Can change social application", "content_type": 12, "codename": "change_socialapp"}}, {"model": "auth.permission", "pk": 47, "fields": {"name": "Can delete social application", "content_type": 12, "codename": "delete_socialapp"}}, {"model": "auth.permission", "pk": 48, "fields": {"name": "Can view social application", "content_type": 12, "codename": "view_socialapp"}}, {"model": "auth.permission", "pk": 49, "fields": {"name": "Can add social application token", "content_type": 13, "codename": "add_socialtoken"}}, {"model": "auth.permission", "pk": 50, "fields": {"name": "Can change social application token", "content_type": 13, "codename": "change_socialtoken"}}, {"model": "auth.permission", "pk": 51, "fields": {"name": "Can delete social application token", "content_type": 13, "codename": "delete_socialtoken"}}, {"model": "auth.permission", "pk": 52, "fields": {"name": "Can view social application token", "content_type": 13, "codename": "view_socialtoken"}}, {"model": "auth.permission", "pk": 53, "fields": {"name": "Can add user", "content_type": 14, "codename": "add_user"}}, {"model": "auth.permission", "pk": 54, "fields": {"name": "Can change user", "content_type": 14, "codename": "change_user"}}, {"model": "auth.permission", "pk": 55, "fields": {"name": "Can delete user", "content_type": 14, "codename": "delete_user"}}, {"model": "auth.permission", "pk": 56, "fields": {"name": "Can view user", "content_type": 14, "codename": "view_user"}}, {"model": "auth.permission", "pk": 57, "fields": {"name": "Can add profile", "content_type": 15, "codename": "add_profile"}}, {"model": "auth.permission", "pk": 58, "fields": {"name": "Can change profile", "content_type": 15, "codename": "change_profile"}}, {"model": "auth.permission", "pk": 59, "fields": {"name": "Can delete profile", "content_type": 15, "codename": "delete_profile"}}, {"model": "auth.permission", "pk": 60, "fields": {"name": "Can view profile", "content_type": 15, "codename": "view_profile"}}, {"model": "auth.permission", "pk": 61, "fields": {"name": "Can add contact us", "content_type": 16, "codename": "add_contactus"}}, {"model": "auth.permission", "pk": 62, "fields": {"name": "Can change contact us", "content_type": 16, "codename": "change_contactus"}}, {"model": "auth.permission", "pk": 63, "fields": {"name": "Can delete contact us", "content_type": 16, "codename": "delete_contactus"}}, {"model": "auth.permission", "pk": 64, "fields": {"name": "Can view contact us", "content_type": 16, "codename": "view_contactus"}}, {"model": "contenttypes.contenttype", "pk": 1, "fields": {"app_label": "admin", "model": "logentry"}}, {"model": "contenttypes.contenttype", "pk": 2, "fields": {"app_label": "auth", "model": "permission"}}, {"model": "contenttypes.contenttype", "pk": 3, "fields": {"app_label": "auth", "model": "group"}}, {"model": "contenttypes.contenttype", "pk": 4, "fields": {"app_label": "contenttypes", "model": "contenttype"}}, {"model": "contenttypes.contenttype", "pk": 5, "fields": {"app_label": "sessions", "model": "session"}}, {"model": "contenttypes.contenttype", "pk": 6, "fields": {"app_label": "sites", "model": "site"}}, {"model": "contenttypes.contenttype", "pk": 7, "fields": {"app_label": "token_blacklist", "model": "blacklistedtoken"}}, {"model": "contenttypes.contenttype", "pk": 8, "fields": {"app_label": "token_blacklist", "model": "outstandingtoken"}}, {"model": "contenttypes.contenttype", "pk": 9, "fields": {"app_label": "account", "model": "emailaddress"}}, {"model": "contenttypes.contenttype", "pk": 10, "fields": {"app_label": "account", "model": "emailconfirmation"}}, {"model": "contenttypes.contenttype", "pk": 11, "fields": {"app_label": "socialaccount", "model": "socialaccount"}}, {"model": "contenttypes.contenttype", "pk": 12, "fields": {"app_label": "socialaccount", "model": "socialapp"}}, {"model": "contenttypes.contenttype", "pk": 13, "fields": {"app_label": "socialaccount", "model": "socialtoken"}}, {"model": "contenttypes.contenttype", "pk": 14, "fields": {"app_label": "accounts", "model": "user"}}, {"model": "contenttypes.contenttype", "pk": 15, "fields": {"app_label": "accounts", "model": "profile"}}, {"model": "contenttypes.contenttype", "pk": 16, "fields": {"app_label": "intrusion_detection", "model": "contactus"}}, {"model": "sessions.session", "pk": "1r23z7dnlzh725zgzlmweximkxq0ql56", "fields": {"session_data": ".eJxVjMEOwiAQBf-FsyGASwGP3vsNBNhFqgaS0p6M_64kPeh1Zt57MR_2rfi90-oXZBcm2emXxZAeVIfAe6i3xlOr27pEPhJ-2M7nhvS8Hu3fQQm9jHU8Q4raYgappY1gAB0ojSoJR5Ym44IWKk0BSQIIzJEymfQF5Iyx7P0B7AA4dA:1tmW8j:L19InMLfaroybmqCdKEA_h0H9sWwBL_4SKbc_WRUQ8A", "expire_date": "2025-03-10T10:56:45.545Z"}}, {"model": "sessions.session", "pk": "5jtc8p6z98hxzsx6xgmo9kau9ah6lttr", "fields": {"session_data": ".eJxVjMEOwiAQBf-FsyGASwGP3vsNBNhFqgaS0p6M_64kPeh1Zt57MR_2rfi90-oXZBcm2emXxZAeVIfAe6i3xlOr27pEPhJ-2M7nhvS8Hu3fQQm9jHU8Q4raYgappY1gAB0ojSoJR5Ym44IWKk0BSQIIzJEymfQF5Iyx7P0B7AA4dA:1tlR8c:aRTXvZCV7w2vOR_xrBkgFfO3nU47J_vExeKMDTHt-nw", "expire_date": "2025-03-07T11:24:10.125Z"}}, {"model": "sessions.session", "pk": "5p78qcr8hk9s9woo30yk1b0qe2w68uvx", "fields": {"session_data": ".eJxVjMEOwiAQBf-FsyGASwGP3vsNBNhFqgaS0p6M_64kPeh1Zt57MR_2rfi90-oXZBcm2emXxZAeVIfAe6i3xlOr27pEPhJ-2M7nhvS8Hu3fQQm9jHU8Q4raYgappY1gAB0ojSoJR5Ym44IWKk0BSQIIzJEymfQF5Iyx7P0B7AA4dA:1tmTfV:wgkBmimsCvYBOmRDyXWAJvFHbVsdVnutVM43cLPbgEM", "expire_date": "2025-03-10T08:18:25.750Z"}}, {"model": "sessions.session", "pk": "61s93bdpqf0uz3foo4vyl268015ko7f3", "fields": {"session_data": ".eJxVjMEOwiAQBf-FsyGASwGP3vsNBNhFqgaS0p6M_64kPeh1Zt57MR_2rfi90-oXZBcm2emXxZAeVIfAe6i3xlOr27pEPhJ-2M7nhvS8Hu3fQQm9jHU8Q4raYgappY1gAB0ojSoJR5Ym44IWKk0BSQIIzJEymfQF5Iyx7P0B7AA4dA:1tlS5i:CKSJ3EUl9s3q4WRIZdHgNGFkwACcj-KuOGsGDWHk85M", "expire_date": "2025-03-07T12:25:14.825Z"}}, {"model": "sessions.session", "pk": "6eg2mswm6ofw8qkyk2kb4eywi2pw3r5q", "fields": {"session_data": ".eJxVjMEOwiAQBf-FsyGASwGP3vsNBNhFqgaS0p6M_64kPeh1Zt57MR_2rfi90-oXZBcm2emXxZAeVIfAe6i3xlOr27pEPhJ-2M7nhvS8Hu3fQQm9jHU8Q4raYgappY1gAB0ojSoJR5Ym44IWKk0BSQIIzJEymfQF5Iyx7P0B7AA4dA:1tmUr2:5lWDKPRoAcoqhY2rF4PqBxCee_1OJrW3GS9RRa_7ioc", "expire_date": "2025-03-10T09:34:24.501Z"}}, {"model": "sessions.session", "pk": "6et43ngj90ovi8dp9xbzet8dm6nug1bm", "fields": {"session_data": ".eJxVjMEOwiAQBf-FsyGASwGP3vsNBNhFqgaS0p6M_64kPeh1Zt57MR_2rfi90-oXZBcm2emXxZAeVIfAe6i3xlOr27pEPhJ-2M7nhvS8Hu3fQQm9jHU8Q4raYgappY1gAB0ojSoJR5Ym44IWKk0BSQIIzJEymfQF5Iyx7P0B7AA4dA:1tmmfI:9oO_MO7K3F9MIW_sNmilmpmrFWVC96AX4c9FZVBoAFw", "expire_date": "2025-03-11T04:35:28.023Z"}}, {"model": "sessions.session", "pk": "7h78cfpsb94wwytkgospimoaqnc1lcuh", "fields": {"session_data": ".eJxVjMEOwiAQBf-FsyGASwGP3vsNBNhFqgaS0p6M_64kPeh1Zt57MR_2rfi90-oXZBcm2emXxZAeVIfAe6i3xlOr27pEPhJ-2M7nhvS8Hu3fQQm9jHU8Q4raYgappY1gAB0ojSoJR5Ym44IWKk0BSQIIzJEymfQF5Iyx7P0B7AA4dA:1tmXGh:baD5rdXZpfPvqNRfZ1Fs-tZmnW--gsFmTihvHkgXe24", "expire_date": "2025-03-10T12:09:03.131Z"}}, {"model": "sessions.session", "pk": "alptc2s82d8c72n1ns1klpkeqs48y3j8", "fields": {"session_data": ".eJxVjEEOwiAQRe_C2hCgo4BL956BDDOjVA0kpV0Z726bdKHb997_b5VwmUtaukxpZHVWgzr8soz0lLoJfmC9N02tztOY9Zbo3XZ9bSyvy97-HRTsZV0HsRHAgICJVogRwAM5zkEi35xl45DzSrzP5E4wIHk3HAMhs2MT1OcL48M4Ig:1tlQv0:u2TkIS1THfGqlPM1F1ODOyP_moHlk8LzU6RphPDNCE4", "expire_date": "2025-03-07T11:10:06.631Z"}}, {"model": "sessions.session", "pk": "aqtn5blb2qibg9vb8055kb3qpfe6gczl", "fields": {"session_data": ".eJxVjMEOwiAQBf-FsyGASwGP3vsNBNhFqgaS0p6M_64kPeh1Zt57MR_2rfi90-oXZBcm2emXxZAeVIfAe6i3xlOr27pEPhJ-2M7nhvS8Hu3fQQm9jHU8Q4raYgappY1gAB0ojSoJR5Ym44IWKk0BSQIIzJEymfQF5Iyx7P0B7AA4dA:1tlSjV:6ky7-DFtW-npYzI8doEbRwf5h-5DMN6bHXIU9pi1BN8", "expire_date": "2025-03-07T13:06:21.569Z"}}, {"model": "sessions.session", "pk": "ddoxhe833jr2mahiewz53mbd4sjq40et", "fields": {"session_data": ".eJxVjDsOwjAQRO_iGllOwvpDSc8ZrLV3jQPIluKkQtwdR0oBzRQz781beNzW7LfGi59JXMRZnH67gPHJZR_ogeVeZaxlXeYgd0Qea5O3Svy6HuzfQcaWuz2CMuRU1EQah2AsK3LEZkDoGXACA2FSoEOyjlxilzTB5EZLibsqPl_zcTiE:1tlQq9:UJqPf5ZxvwgQ4TWc-Fy7-p001DRt3Or0nZzpWkYWPFI", "expire_date": "2025-03-07T11:05:05.220Z"}}, {"model": "sessions.session", "pk": "g69v2fzexhyk0guloxmq7z7sqd7ebscp", "fields": {"session_data": ".eJxVjMEOwiAQBf-FsyGASwGP3vsNBNhFqgaS0p6M_64kPeh1Zt57MR_2rfi90-oXZBcm2emXxZAeVIfAe6i3xlOr27pEPhJ-2M7nhvS8Hu3fQQm9jHU8Q4raYgappY1gAB0ojSoJR5Ym44IWKk0BSQIIzJEymfQF5Iyx7P0B7AA4dA:1tlSmE:4xh0mhipHNflqrtlKblpSBHWPclJX8bYj8VO6EEahc4", "expire_date": "2025-03-07T13:09:10.206Z"}}, {"model": "sessions.session", "pk": "hyl1cgn382nsxqxwnp71e3ptwqt51ags", "fields": {"session_data": ".eJxVjMEOwiAQBf-FsyGASwGP3vsNBNhFqgaS0p6M_64kPeh1Zt57MR_2rfi90-oXZBcm2emXxZAeVIfAe6i3xlOr27pEPhJ-2M7nhvS8Hu3fQQm9jHU8Q4raYgappY1gAB0ojSoJR5Ym44IWKk0BSQIIzJEymfQF5Iyx7P0B7AA4dA:1tmVew:FHujMFtYQW_RjwmBaNuwPdsTl7PTZGCEgzaVAqNxRAE", "expire_date": "2025-03-10T10:25:58.309Z"}}, {"model": "sessions.session", "pk": "i71z0pipyucig4zxdjbq3t2297rhf540", "fields": {"session_data": ".eJxVjMEOwiAQBf-FsyGASwGP3vsNBNhFqgaS0p6M_64kPeh1Zt57MR_2rfi90-oXZBcm2emXxZAeVIfAe6i3xlOr27pEPhJ-2M7nhvS8Hu3fQQm9jHU8Q4raYgappY1gAB0ojSoJR5Ym44IWKk0BSQIIzJEymfQF5Iyx7P0B7AA4dA:1tmU7I:sL3ruNpaV7TMwJgodHdGzFznqMQdOfAZZRXLZmefhtc", "expire_date": "2025-03-10T08:47:08.753Z"}}, {"model": "sessions.session", "pk": "icg6ucqw8l7mupvoergox63felvl8j4s", "fields": {"session_data": ".eJxVjMEOwiAQBf-FsyGASwGP3vsNBNhFqgaS0p6M_64kPeh1Zt57MR_2rfi90-oXZBcm2emXxZAeVIfAe6i3xlOr27pEPhJ-2M7nhvS8Hu3fQQm9jHU8Q4raYgappY1gAB0ojSoJR5Ym44IWKk0BSQIIzJEymfQF5Iyx7P0B7AA4dA:1tmVPP:L7_UoAAyVm140qG9zZnJ4Vb-YUBaOoDkg1fsGHM7z-8", "expire_date": "2025-03-10T10:09:55.210Z"}}, {"model": "sessions.session", "pk": "ncazom6btbtxwb0vao39a3xu3aaq7vau", "fields": {"session_data": ".eJxVjMEOwiAQBf-FsyGASwGP3vsNBNhFqgaS0p6M_64kPeh1Zt57MR_2rfi90-oXZBcm2emXxZAeVIfAe6i3xlOr27pEPhJ-2M7nhvS8Hu3fQQm9jHU8Q4raYgappY1gAB0ojSoJR5Ym44IWKk0BSQIIzJEymfQF5Iyx7P0B7AA4dA:1tlRGg:3sPMBEyVf6DjJpENyQv_1WfltJqxzIViFHdJoNQEjk4", "expire_date": "2025-03-07T11:32:30.060Z"}}, {"model": "sessions.session", "pk": "pbox4uk3k2fll444brezmfuad9lm8r0s", "fields": {"session_data": ".eJxVjDsOwjAQRO_iGllOwvpDSc8ZrLV3jQPIluKkQtwdR0oBzRQz781beNzW7LfGi59JXMRZnH67gPHJZR_ogeVeZaxlXeYgd0Qea5O3Svy6HuzfQcaWuz2CMuRU1EQah2AsK3LEZkDoGXACA2FSoEOyjlxilzTB5EZLibsqPl_zcTiE:1tlQth:6FKj1msgl_nOwubaqsSoT_Sv9HFnhbafJHe456O8RTQ", "expire_date": "2025-03-07T11:08:45.672Z"}}, {"model": "sessions.session", "pk": "qrrg0sildoeperdj81r6nbxa47sv6jqi", "fields": {"session_data": ".eJxVjMEOwiAQBf-FsyGASwGP3vsNBNhFqgaS0p6M_64kPeh1Zt57MR_2rfi90-oXZBcm2emXxZAeVIfAe6i3xlOr27pEPhJ-2M7nhvS8Hu3fQQm9jHU8Q4raYgappY1gAB0ojSoJR5Ym44IWKk0BSQIIzJEymfQF5Iyx7P0B7AA4dA:1tlSfm:ekmT9m9SA8KzEylJr6kS8xN4E_MZqH9fOn5nk3lvmQ0", "expire_date": "2025-03-07T13:02:30.158Z"}}, {"model": "sessions.session", "pk": "s9t8u2yjoy1el0x92p5542j3ub9tqqyh", "fields": {"session_data": ".eJxVjMEOwiAQBf-FsyGASwGP3vsNBNhFqgaS0p6M_64kPeh1Zt57MR_2rfi90-oXZBcm2emXxZAeVIfAe6i3xlOr27pEPhJ-2M7nhvS8Hu3fQQm9jHU8Q4raYgappY1gAB0ojSoJR5Ym44IWKk0BSQIIzJEymfQF5Iyx7P0B7AA4dA:1tmWgt:mgTAPYRdwA7TiecTbAgVT2xSAfS1oDNj2cAltPamWVA", "expire_date": "2025-03-10T11:32:03.673Z"}}, {"model": "sessions.session", "pk": "szjadreomj4kw1b2t5vaxutzz1nvplda", "fields": {"session_data": ".eJxVjMEOwiAQBf-FsyGASwGP3vsNBNhFqgaS0p6M_64kPeh1Zt57MR_2rfi90-oXZBcm2emXxZAeVIfAe6i3xlOr27pEPhJ-2M7nhvS8Hu3fQQm9jHU8Q4raYgappY1gAB0ojSoJR5Ym44IWKk0BSQIIzJEymfQF5Iyx7P0B7AA4dA:1tlSib:AgqgxZ58CS6bl3TR7hvW1HpzH30KfAf4GC8TKeWSfA0", "expire_date": "2025-03-07T13:05:25.115Z"}}, {"model": "sessions.session", "pk": "tvidxw2grps8ejzxhl0m8s99lyp65m9x", "fields": {"session_data": ".eJxVjMEOwiAQBf-FsyGASwGP3vsNBNhFqgaS0p6M_64kPeh1Zt57MR_2rfi90-oXZBcm2emXxZAeVIfAe6i3xlOr27pEPhJ-2M7nhvS8Hu3fQQm9jHU8Q4raYgappY1gAB0ojSoJR5Ym44IWKk0BSQIIzJEymfQF5Iyx7P0B7AA4dA:1tmPxb:1LV_a_ZjQMad9Ns4CoByscHBEMSz5Qf3HqXOlI0q7-M", "expire_date": "2025-03-10T04:20:51.593Z"}}, {"model": "sites.site", "pk": 1, "fields": {"domain": "example.com", "name": "example.com"}}, {"model": "token_blacklist.outstandingtoken", "pk": 1, "fields": {"user": 4, "jti": "416667f53bf24a1c928aa56d2de4e878", "token": "eyJhbGciOiJIUzI1NiIsInR5cCI6IkpXVCJ9.eyJ0b2tlbl90eXBlIjoicmVmcmVzaCIsImV4cCI6MTc0MDk5OTkwNSwiaWF0IjoxNzQwMTM1OTA1LCJqdGkiOiI0MTY2NjdmNTNiZjI0YTFjOTI4YWE1NmQyZGU0ZTg3OCIsInVzZXJfaWQiOjR9.3DAb7cfVLc-Qv1Tnv6rqdTR8d0nTe236PHjs73-mt-E", "created_at": "2025-02-21T11:05:05.097Z", "expires_at": "2025-03-03T11:05:05Z"}}, {"model": "token_blacklist.outstandingtoken", "pk": 2, "fields": {"user": 4, "jti": "bfcfeab9ed784f3392c8c21355d227cc", "token": "eyJhbGciOiJIUzI1NiIsInR5cCI6IkpXVCJ9.eyJ0b2tlbl90eXBlIjoicmVmcmVzaCIsImV4cCI6MTc0MTAwMDEyNSwiaWF0IjoxNzQwMTM2MTI1LCJqdGkiOiJiZmNmZWFiOWVkNzg0ZjMzOTJjOGMyMTM1NWQyMjdjYyIsInVzZXJfaWQiOjR9.jN6C9ht3GqruGswdiqQG6LErdDe1aWGKLeFxCFfGeoE", "created_at": "2025-02-21T11:08:45.643Z", "expires_at": "2025-03-03T11:08:45Z"}}, {"model": "token_blacklist.outstandingtoken", "pk": 3, "fields": {"user": 1, "jti": "1e3c31cbfce34bf1a3da330de008c022", "token": "eyJhbGciOiJIUzI1NiIsInR5cCI6IkpXVCJ9.eyJ0b2tlbl90eXBlIjoicmVmcmVzaCIsImV4cCI6MTc0MTAwMTA1MCwiaWF0IjoxNzQwMTM3MDUwLCJqdGkiOiIxZTNjMzFjYmZjZTM0YmYxYTNkYTMzMGRlMDA4YzAyMiIsInVzZXJfaWQiOjF9.6qCGho6bphK8NHguPrRJg3IDnV8Ctqen6FoVZJYFkgs", "created_at": "2025-02-21T11:24:10.059Z", "expires_at": "2025-03-03T11:24:10Z"}}, {"model": "token_blacklist.outstandingtoken", "pk": 4, "fields": {"user": 1, "jti": "15906cf1688e451fb098d83e2568f484", "token": "eyJhbGciOiJIUzI1NiIsInR5cCI6IkpXVCJ9.eyJ0b2tlbl90eXBlIjoicmVmcmVzaCIsImV4cCI6MTc0MTAwMTU1MCwiaWF0IjoxNzQwMTM3NTUwLCJqdGkiOiIxNTkwNmNmMTY4OGU0NTFmYjA5OGQ4M2UyNTY4ZjQ4NCIsInVzZXJfaWQiOjF9.oDR9lulFQM-Icm3FdMMu82-jmYh-NQXs5d13Ln5p-DI", "created_at": "2025-02-21T11:32:30.029Z", "expires_at": "2025-03-03T11:32:30Z"}}, {"model": "token_blacklist.outstandingtoken", "pk": 5, "fields": {"user": 1, "jti": "3e53aa33ac8140b088fc300ed3549c39", "token": "eyJhbGciOiJIUzI1NiIsInR5cCI6IkpXVCJ9.eyJ0b2tlbl90eXBlIjoicmVmcmVzaCIsImV4cCI6MTc0MTAwNDcxNCwiaWF0IjoxNzQwMTQwNzE0LCJqdGkiOiIzZTUzYWEzM2FjODE0MGIwODhmYzMwMGVkMzU0OWMzOSIsInVzZXJfaWQiOjF9.W0wGEFqfmQk7RMOb_kECPPIynYlao9sAgEJ6Z0NBCCE", "created_at": "2025-02-21T12:25:14.750Z", "expires_at": "2025-03-03T12:25:14Z"}}, {"model": "token_blacklist.outstandingtoken", "pk": 6, "fields": {"user": 1, "jti": "bff844edff574b4b9a165c1f34becf14", "token": "eyJhbGciOiJIUzI1NiIsInR5cCI6IkpXVCJ9.eyJ0b2tlbl90eXBlIjoicmVmcmVzaCIsImV4cCI6MTc0MTAwNjk1MCwiaWF0IjoxNzQwMTQyOTUwLCJqdGkiOiJiZmY4NDRlZGZmNTc0YjRiOWExNjVjMWYzNGJlY2YxNCIsInVzZXJfaWQiOjF9._ze7jGajkRoLocdeyjDFP1aTQbd_zeW5nzW6lkESp_k", "created_at": "2025-02-21T13:02:30.099Z", "expires_at": "2025-03-03T13:02:30Z"}}, {"model": "token_blacklist.outstandingtoken", "pk": 7, "fields": {"user": 1, "jti": "1ea0799e291e4195a8db499e3f9098b9", "token": "eyJhbGciOiJIUzI1NiIsInR5cCI6IkpXVCJ9.eyJ0b2tlbl90eXBlIjoicmVmcmVzaCIsImV4cCI6MTc0MTAwNzEyNSwiaWF0IjoxNzQwMTQzMTI1LCJqdGkiOiIxZWEwNzk5ZTI5MWU0MTk1YThkYjQ5OWUzZjkwOThiOSIsInVzZXJfaWQiOjF9.b-cIzEa4bEbqyLzP3HDAWd00nm0mz3_t8ynhEqmFzOI", "created_at": "2025-02-21T13:05:25.098Z", "expires_at": "2025-03-03T13:05:25Z"}}, {"model": "token_blacklist.outstandingtoken", "pk": 8, "fields": {"user": 1, "jti": "7ba433a4d1b549bb8ec5fc136df9f5e7", "token": "eyJhbGciOiJIUzI1NiIsInR5cCI6IkpXVCJ9.eyJ0b2tlbl90eXBlIjoicmVmcmVzaCIsImV4cCI6MTc0MTAwNzE4MSwiaWF0IjoxNzQwMTQzMTgxLCJqdGkiOiI3YmE0MzNhNGQxYjU0OWJiOGVjNWZjMTM2ZGY5ZjVlNyIsInVzZXJfaWQiOjF9.B1qV4RCaByhr1b1h57zpzFCPGUhoqJnW9LtBMV1rL9U", "created_at": "2025-02-21T13:06:21.552Z", "expires_at": "2025-03-03T13:06:21Z"}}, {"model": "token_blacklist.outstandingtoken", "pk": 9, "fields": {"user": 1, "jti": "da6f348621954379b04818d00f0c48d8", "token": "eyJhbGciOiJIUzI1NiIsInR5cCI6IkpXVCJ9.eyJ0b2tlbl90eXBlIjoicmVmcmVzaCIsImV4cCI6MTc0MTAwNzM1MCwiaWF0IjoxNzQwMTQzMzUwLCJqdGkiOiJkYTZmMzQ4NjIxOTU0Mzc5YjA0ODE4ZDAwZjBjNDhkOCIsInVzZXJfaWQiOjF9.yaEAU6zJYkLGs1L5a7V_fNaopZ2UlMpWa_QDcONKVts", "created_at": "2025-02-21T13:09:10.190Z", "expires_at": "2025-03-03T13:09:10Z"}}, {"model": "token_blacklist.outstandingtoken", "pk": 10, "fields": {"user": 1, "jti": "e28fa580d5a14fe5a0136a3ae41e4e5a", "token": "eyJhbGciOiJIUzI1NiIsInR5cCI6IkpXVCJ9.eyJ0b2tlbl90eXBlIjoicmVmcmVzaCIsImV4cCI6MTc0MTIzNDg1MSwiaWF0IjoxNzQwMzcwODUxLCJqdGkiOiJlMjhmYTU4MGQ1YTE0ZmU1YTAxMzZhM2FlNDFlNGU1YSIsInVzZXJfaWQiOjF9.jsgY5sH4EwyDcL6G5GOpcphC_NrAv2cra-hVymA6PjQ", "created_at": "2025-02-24T04:20:51.459Z", "expires_at": "2025-03-06T04:20:51Z"}}, {"model": "token_blacklist.outstandingtoken", "pk": 11, "fields": {"user": 1, "jti": "4fbea09a898e490697bfdd752fa3c2ad", "token": "eyJhbGciOiJIUzI1NiIsInR5cCI6IkpXVCJ9.eyJ0b2tlbl90eXBlIjoicmVmcmVzaCIsImV4cCI6MTc0MTIzNjcxNywiaWF0IjoxNzQwMzcyNzE3LCJqdGkiOiI0ZmJlYTA5YTg5OGU0OTA2OTdiZmRkNzUyZmEzYzJhZCIsInVzZXJfaWQiOjF9.XGEr1uX3gYyyuSB1YTYPQBljOs3YJtc1maItCDj0HJE", "created_at": "2025-02-24T05:25:07.539Z", "expires_at": "2025-03-06T04:51:57Z"}}, {"model": "token_blacklist.outstandingtoken", "pk": 12, "fields": {"user": 1, "jti": "8870aca6d79944beb98a39b317ecd9bd", "token": "eyJhbGciOiJIUzI1NiIsInR5cCI6IkpXVCJ9.eyJ0b2tlbl90eXBlIjoicmVmcmVzaCIsImV4cCI6MTc0MTIzODcwNywiaWF0IjoxNzQwMzc0NzA3LCJqdGkiOiI4ODcwYWNhNmQ3OTk0NGJlYjk4YTM5YjMxN2VjZDliZCIsInVzZXJfaWQiOjF9.t7mhfT1R2BzMvBr1k1cT3bYZyNO-nLsXL7SGV8quH4g", "created_at": "2025-02-24T06:21:22.542Z", "expires_at": "2025-03-06T05:25:07Z"}}, {"model": "token_blacklist.outstandingtoken", "pk": 13, "fields": {"user": 1, "jti": "45edc2b5e9f3454399477df5ac57dd47", "token": "eyJhbGciOiJIUzI1NiIsInR5cCI6IkpXVCJ9.eyJ0b2tlbl90eXBlIjoicmVmcmVzaCIsImV4cCI6MTc0MTI0OTEwMiwiaWF0IjoxNzQwMzg1MTAyLCJqdGkiOiI0NWVkYzJiNWU5ZjM0NTQzOTk0NzdkZjVhYzU3ZGQ0NyIsInVzZXJfaWQiOjF9.VVK_BMhWEl1lQNJsy4Q3o2q10BCSr181tES9xbB4j-A", "created_at": "2025-02-24T08:18:22.047Z", "expires_at": "2025-03-06T08:18:22Z"}}, {"model": "token_blacklist.outstandingtoken", "pk": 14, "fields": {"user": 1, "jti": "b6deb85dfcee457189ba4fb9e7ddf183", "token": "eyJhbGciOiJIUzI1NiIsInR5cCI6IkpXVCJ9.eyJ0b2tlbl90eXBlIjoicmVmcmVzaCIsImV4cCI6MTc0MTI1MDgyOCwiaWF0IjoxNzQwMzg2ODI4LCJqdGkiOiJiNmRlYjg1ZGZjZWU0NTcxODliYTRmYjllN2RkZjE4MyIsInVzZXJfaWQiOjF9.cZsPtBiq6j4FtJvlHUchZQi4AWmbc4sASykYJ53pA_8", "created_at": "2025-02-24T08:47:08.735Z", "expires_at": "2025-03-06T08:47:08Z"}}, {"model": "token_blacklist.outstandingtoken", "pk": 15, "fields": {"user": 1, "jti": "6b8ed617dd54458e85532713db154efc", "token": "eyJhbGciOiJIUzI1NiIsInR5cCI6IkpXVCJ9.eyJ0b2tlbl90eXBlIjoicmVmcmVzaCIsImV4cCI6MTc0MTI1MTI0NCwiaWF0IjoxNzQwMzg3MjQ0LCJqdGkiOiI2YjhlZDYxN2RkNTQ0NThlODU1MzI3MTNkYjE1NGVmYyIsInVzZXJfaWQiOjF9.6ckNu6nhAZ4nbicQ05-5N1I7UuZT40j7MCCIub13Vu8", "created_at": "2025-02-24T09:31:21.674Z", "expires_at": "2025-03-06T08:54:04Z"}}, {"model": "token_blacklist.outstandingtoken", "pk": 16, "fields": {"user": 1, "jti": "21d274ac343645f086daeb29e8e6bba3", "token": "eyJhbGciOiJIUzI1NiIsInR5cCI6IkpXVCJ9.eyJ0b2tlbl90eXBlIjoicmVmcmVzaCIsImV4cCI6MTc0MTI1MzY2NCwiaWF0IjoxNzQwMzg5NjY0LCJqdGkiOiIyMWQyNzRhYzM0MzY0NWYwODZkYWViMjllOGU2YmJhMyIsInVzZXJfaWQiOjF9.4jNcglPv4Khe40W-kxain-xyXsirsxUsqPulCF6kyPU", "created_at": "2025-02-24T09:34:24.484Z", "expires_at": "2025-03-06T09:34:24Z"}}, {"model": "token_blacklist.outstandingtoken", "pk": 17, "fields": {"user": 1, "jti": "0f7afe1e980446598ed13ffe1de3eaac", "token": "eyJhbGciOiJIUzI1NiIsInR5cCI6IkpXVCJ9.eyJ0b2tlbl90eXBlIjoicmVmcmVzaCIsImV4cCI6MTc0MTI1NTc5NSwiaWF0IjoxNzQwMzkxNzk1LCJqdGkiOiIwZjdhZmUxZTk4MDQ0NjU5OGVkMTNmZmUxZGUzZWFhYyIsInVzZXJfaWQiOjF9.Is-Bx7c9GPMXgTnowCw_oL8FdYMjbzFnKrD8px68u4M", "created_at": "2025-02-24T10:09:55.193Z", "expires_at": "2025-03-06T10:09:55Z"}}, {"model": "token_blacklist.outstandingtoken", "pk": 18, "fields": {"user": 1, "jti": "ac42b8d20bcf4f6283e939013bcc8095", "token": "eyJhbGciOiJIUzI1NiIsInR5cCI6IkpXVCJ9.eyJ0b2tlbl90eXBlIjoicmVmcmVzaCIsImV4cCI6MTc0MTI1MzQ4MSwiaWF0IjoxNzQwMzg5NDgxLCJqdGkiOiJhYzQyYjhkMjBiY2Y0ZjYyODNlOTM5MDEzYmNjODA5NSIsInVzZXJfaWQiOjF9.gur_o7PUW5tc7rWPNUPFsjUKXkdqgd1gSI4LDI_xsDY", "created_at": "2025-02-24T10:25:23.791Z", "expires_at": "2025-03-06T09:31:21Z"}}, {"model": "token_blacklist.outstandingtoken", "pk": 19, "fields": {"user": 1, "jti": "12a7fcf721c140be8f9251702cf53547", "token": "eyJhbGciOiJIUzI1NiIsInR5cCI6IkpXVCJ9.eyJ0b2tlbl90eXBlIjoicmVmcmVzaCIsImV4cCI6MTc0MTI1Njc1OCwiaWF0IjoxNzQwMzkyNzU4LCJqdGkiOiIxMmE3ZmNmNzIxYzE0MGJlOGY5MjUxNzAyY2Y1MzU0NyIsInVzZXJfaWQiOjF9.haqZmDirO9YdB-9wxeWm7xqhIOuDxmBfKwOrLGosijo", "created_at": "2025-02-24T10:25:58.300Z", "expires_at": "2025-03-06T10:25:58Z"}}, {"model": "token_blacklist.outstandingtoken", "pk": 20, "fields": {"user": 1, "jti": "cfac88041dbe490691bb7620eae7cece", "token": "eyJhbGciOiJIUzI1NiIsInR5cCI6IkpXVCJ9.eyJ0b2tlbl90eXBlIjoicmVmcmVzaCIsImV4cCI6MTc0MTI1ODYwNSwiaWF0IjoxNzQwMzk0NjA1LCJqdGkiOiJjZmFjODgwNDFkYmU0OTA2OTFiYjc2MjBlYWU3Y2VjZSIsInVzZXJfaWQiOjF9.jxIRF3Cs9YABYoq7McUTNTWq6e3A6v93dVSu1PXIOL4", "created_at": "2025-02-24T10:56:45.530Z", "expires_at": "2025-03-06T10:56:45Z"}}, {"model": "token_blacklist.outstandingtoken", "pk": 21, "fields": {"user": 1, "jti": "b811abd3334f41d59ba7a2d2b63c63bb", "token": "eyJhbGciOiJIUzI1NiIsInR5cCI6IkpXVCJ9.eyJ0b2tlbl90eXBlIjoicmVmcmVzaCIsImV4cCI6MTc0MTI2MDcyMywiaWF0IjoxNzQwMzk2NzIzLCJqdGkiOiJiODExYWJkMzMzNGY0MWQ1OWJhN2EyZDJiNjNjNjNiYiIsInVzZXJfaWQiOjF9.Zd1_jJtBoxUv050uUszajh4e0vGul_Zeasg2JvmYi_k", "created_at": "2025-02-24T11:32:03.645Z", "expires_at": "2025-03-06T11:32:03Z"}}, {"model": "token_blacklist.outstandingtoken", "pk": 22, "fields": {"user": 1, "jti": "8b98bc58e21844c18d9cbc238808141b", "token": "eyJhbGciOiJIUzI1NiIsInR5cCI6IkpXVCJ9.eyJ0b2tlbl90eXBlIjoicmVmcmVzaCIsImV4cCI6MTc0MTI1NjcyMywiaWF0IjoxNzQwMzkyNzIzLCJqdGkiOiI4Yjk4YmM1OGUyMTg0NGMxOGQ5Y2JjMjM4ODA4MTQxYiIsInVzZXJfaWQiOjF9.b7uI0nc_0R8BZxefrXRZXDKN1XiURaJzlzaWDbde3k4", "created_at": "2025-02-24T11:33:29.404Z", "expires_at": "2025-03-06T10:25:23Z"}}, {"model": "token_blacklist.outstandingtoken", "pk": 23, "fields": {"user": 1, "jti": "d5a3913793a54654b70a788d995d802b", "token": "eyJhbGciOiJIUzI1NiIsInR5cCI6IkpXVCJ9.eyJ0b2tlbl90eXBlIjoicmVmcmVzaCIsImV4cCI6MTc0MTI2Mjk0MywiaWF0IjoxNzQwMzk4OTQzLCJqdGkiOiJkNWEzOTEzNzkzYTU0NjU0YjcwYTc4OGQ5OTVkODAyYiIsInVzZXJfaWQiOjF9.XzxSKj1GFVf9bucVzE266rY3J7Ubp56FfDqftyLk8bA", "created_at": "2025-02-24T12:09:03.108Z", "expires_at": "2025-03-06T12:09:03Z"}}, {"model": "token_blacklist.outstandingtoken", "pk": 24, "fields": {"user": 1, "jti": "ee4b3a3271c34e1ab639dc6486f9ef81", "token": "eyJhbGciOiJIUzI1NiIsInR5cCI6IkpXVCJ9.eyJ0b2tlbl90eXBlIjoicmVmcmVzaCIsImV4cCI6MTc0MTMyMjEyNywiaWF0IjoxNzQwNDU4MTI3LCJqdGkiOiJlZTRiM2EzMjcxYzM0ZTFhYjYzOWRjNjQ4NmY5ZWY4MSIsInVzZXJfaWQiOjF9.saKK4zqUo1N3m0nI0Hh7H2Wn3opFAQt6V_Ad54t74rU", "created_at": "2025-02-25T04:35:27.812Z", "expires_at": "2025-03-07T04:35:27Z"}}, {"model": "token_blacklist.blacklistedtoken", "pk": 1, "fields": {"token": 2, "blacklisted_at": "2025-02-21T11:31:11.721Z"}}, {"model": "token_blacklist.blacklistedtoken", "pk": 2, "fields": {"token": 10, "blacklisted_at": "2025-02-24T04:51:57.776Z"}}, {"model": "token_blacklist.blacklistedtoken", "pk": 3, "fields": {"token": 11, "blacklisted_at": "2025-02-24T05:25:07.714Z"}}, {"model": "token_blacklist.blacklistedtoken", "pk": 4, "fields": {"token": 12, "blacklisted_at": "2025-02-24T06:21:22.899Z"}}, {"model": "token_blacklist.blacklistedtoken", "pk": 5, "fields": {"token": 13, "blacklisted_at": "2025-02-24T08:54:04.246Z"}}, {"model": "token_blacklist.blacklistedtoken", "pk": 6, "fields": {"token": 15, "blacklisted_at": "2025-02-24T09:31:21.807Z"}}, {"model": "token_blacklist.blacklistedtoken", "pk": 7, "fields": {"token": 18, "blacklisted_at": "2025-02-24T10:25:23.957Z"}}, {"model": "token_blacklist.blacklistedtoken", "pk": 8, "fields": {"token": 22, "blacklisted_at": "2025-02-24T11:33:29.711Z"}}, {"model": "accounts.user", "pk": 1, "fields": {"password": "pbkdf2_sha256$870000$Ygaaf7BVLCrpUC2rljhXTO$L+mn42DoXSAAepm904tO5ZD+ZfWNhKZ+UGiPlUQpweA=", "last_login": "2025-02-25T04:35:28.011Z", "is_superuser": false, "username": "new user", "email": "user4@mail.com", "mobile_number": "+9111100504", "is_active": true, "is_staff": false, "is_email_verified": false, "created_at": "2025-02-05T05:45:58.083Z", "updated_at": "2025-02-24T11:48:25.721Z", "groups": [], "user_permissions": []}}, {"model": "accounts.user", "pk": 3, "fields": {"password": "pbkdf2_sha256$870000$nlJJHyAyUEPpKvUNhHE2Ng$1XMKUDY+OZ8SqolLxLozTkR/ZW23b8k977+voQFOmzc=", "last_login": "2025-02-21T11:10:06.629Z", "is_superuser": true, "username": "admin", "email": "admin@mail.com", "mobile_number": "", "is_active": true, "is_staff": true, "is_email_verified": false, "created_at": "2025-02-05T07:45:16.870Z", "updated_at": "2025-02-05T07:45:16.870Z", "groups": [], "user_permissions": []}}, {"model": "accounts.user", "pk": 4, "fields": {"password": "pbkdf2_sha256$870000$Fx0kO5ewYU67ehNLEzX8RK$srQSqtRU158EFR2s2dwiHCtTcY7k0dsgJXJfqwH4nsk=", "last_login": "2025-02-21T11:08:45.668Z", "is_superuser": false, "username": "new_user_2", "email": "user5@mail.com", "mobile_number": "+9110000505", "is_active": true, "is_staff": false, "is_email_verified": false, "created_at": "2025-02-05T08:00:43.391Z", "updated_at": "2025-02-21T05:01:26.335Z", "groups": [], "user_permissions": []}}, {"model": "accounts.user", "pk": 10, "fields": {"password": "pbkdf2_sha256$870000$2wr6gi9kfryzFnbAs8bLeJ$btoXWGTiJIO4B5NuzAoWcCBPWjnRyqfd96tXKGdE/w8=", "last_login": "2025-02-10T12:12:30.652Z", "is_superuser": false, "username": "json_user", "email": "json@mail.com", "mobile_number": "91222202256", "is_active": true, "is_staff": false, "is_email_verified": false, "created_at": "2025-02-10T12:11:19.972Z", "updated_at": "2025-02-10T12:11:19.972Z", "groups": [], "user_permissions": []}}, {"model": "accounts.user", "pk": 12, "fields": {"password": "pbkdf2_sha256$870000$69v3Fry8sTEoyGLM9CAzLG$8kYTh32RK5qzlT6QEGSSOMAOokjfozzLcTorqJZ3vK4=", "last_login": null, "is_superuser": false, "username": "user6", "email": "user6@mail.com", "mobile_number": "+9100006776", "is_active": true, "is_staff": false, "is_email_verified": false, "created_at": "2025-02-24T09:43:24.939Z", "updated_at": "2025-02-24T09:43:24.939Z", "groups": [], "user_permissions": []}}, {"model": "accounts.profile", "pk": 1, "fields": {"user": 1, "profile_pic": "profile_pics/Screenshot_2023-10-27_at_11.38.02_AM.png"}}, {"model": "accounts.profile", "pk": 3, "fields": {"user": 4, "profile_pic": ""}}, {"model": "accounts.profile", "pk": 9, "fields": {"user": 10, "profile_pic": ""}}, {"model": "accounts.profile", "pk": 11, "fields": {"user": 12, "profile_pic": ""}}, {"model": "intrusion_detection.contactus", "pk": 1, "fields": {"first_name": "test", "last_name": "test", "email": "test@mail.com", "mobile_number": "9148000000", "message": "", "timestamp": "2025-02-24T04:54:14.236Z"}}, {"model": "intrusion_detection.contactus", "pk": 2, "fields": {"first_name": "test1", "last_name": "test1", "email": "test1@mail.com", "mobile_number": "910002000200", "message": "", "timestamp": "2025-02-24T04:58:36.024Z"}}]